"Move In","In Time","Move Out","Out Time"
"1","2024-04-24 15:03","1","2024-04-24 15:03"
"2","2024-04-24 15:03","2","2024-04-24 15:04"
"3","2024-04-24 15:03","3","2024-04-24 15:04"
"4","2024-04-24 15:03","4","2024-04-24 15:04"
"5","2024-04-24 15:03","5","2024-04-24 15:04"
"6","2024-04-24 15:03","6","2024-04-24 15:04"
"7","2024-04-24 15:03","7","2024-04-24 15:05"
"8","2024-04-24 15:03","8","2024-04-24 15:05"
"9","2024-04-24 15:03","9","2024-04-24 15:05"
"10","2024-04-24 15:03","10","2024-04-24 15:05"
"11","2024-04-24 15:03","11","2024-04-24 15:05"
"12","2024-04-24 15:03","12","2024-04-24 15:05"
"13","2024-04-24 15:03","13","2024-04-24 15:05"
"14","2024-04-24 15:03","14","2024-04-24 15:05"
"15","2024-04-24 15:03","15","2024-04-24 15:05"
"16","2024-04-24 15:03","16","2024-04-24 15:05"
"17","2024-04-24 15:03","17","2024-04-24 15:05"
"18","2024-04-24 15:03","18","2024-04-24 15:05"
"19","2024-04-24 15:03","19","2024-04-24 15:05"
"20","2024-04-24 15:03","20","2024-04-24 15:05"
"21","2024-04-24 15:03","21","2024-04-24 15:05"
"22","2024-04-24 15:03","22","2024-04-24 15:06"
"23","2024-04-24 15:03","23","2024-04-24 15:06"
"24","2024-04-24 15:03","24","2024-04-24 15:06"
"25","2024-04-24 15:03","25","2024-04-24 15:06"
"26","2024-04-24 15:03","26","2024-04-24 15:06"
"27","2024-04-24 15:03","27","2024-04-24 15:06"
"28","2024-04-24 15:03","28","2024-04-24 15:06"
"29","2024-04-24 15:04","29","2024-04-24 15:06"
"30","2024-04-24 15:04","",""
"31","2024-04-24 15:04","",""
"32","2024-04-24 15:04","",""
"33","2024-04-24 15:04","",""
"34","2024-04-24 15:04","",""
"35","2024-04-24 15:04","",""
"36","2024-04-24 15:04","",""
"37","2024-04-24 15:04","",""
"38","2024-04-24 15:04","",""
"39","2024-04-24 15:04","",""
"40","2024-04-24 15:04","",""
"41","2024-04-24 15:04","",""
"42","2024-04-24 15:04","",""
"43","2024-04-24 15:04","",""
"44","2024-04-24 15:04","",""
"45","2024-04-24 15:04","",""
"46","2024-04-24 15:04","",""
"47","2024-04-24 15:04","",""
"48","2024-04-24 15:04","",""
"49","2024-04-24 15:04","",""
"50","2024-04-24 15:04","",""
"51","2024-04-24 15:04","",""
"52","2024-04-24 15:04","",""
"53","2024-04-24 15:04","",""
"54","2024-04-24 15:04","",""
"55","2024-04-24 15:04","",""
"56","2024-04-24 15:04","",""
"57","2024-04-24 15:04","",""
"58","2024-04-24 15:04","",""
"59","2024-04-24 15:04","",""
"60","2024-04-24 15:04","",""
"61","2024-04-24 15:04","",""
"62","2024-04-24 15:04","",""
"63","2024-04-24 15:04","",""
"64","2024-04-24 15:04","",""
"65","2024-04-24 15:04","",""
"66","2024-04-24 15:04","",""
"67","2024-04-24 15:04","",""
"68","2024-04-24 15:04","",""
"69","2024-04-24 15:04","",""
"70","2024-04-24 15:04","",""
"71","2024-04-24 15:04","",""
"72","2024-04-24 15:04","",""
"73","2024-04-24 15:05","",""
"74","2024-04-24 15:05","",""
"75","2024-04-24 15:05","",""
"76","2024-04-24 15:05","",""
"77","2024-04-24 15:05","",""
"78","2024-04-24 15:05","",""
"79","2024-04-24 15:05","",""
"80","2024-04-24 15:05","",""
"81","2024-04-24 15:05","",""
"82","2024-04-24 15:05","",""
"83","2024-04-24 15:05","",""
"84","2024-04-24 15:05","",""
"85","2024-04-24 15:05","",""
"86","2024-04-24 15:05","",""
"87","2024-04-24 15:05","",""
"88","2024-04-24 15:05","",""
"89","2024-04-24 15:05","",""
"90","2024-04-24 15:05","",""
"91","2024-04-24 15:05","",""
"92","2024-04-24 15:05","",""
"93","2024-04-24 15:05","",""
"94","2024-04-24 15:05","",""
"95","2024-04-24 15:05","",""
"96","2024-04-24 15:05","",""
"97","2024-04-24 15:05","",""
"98","2024-04-24 15:05","",""
"99","2024-04-24 15:05","",""
"100","2024-04-24 15:05","",""
"101","2024-04-24 15:05","",""
"102","2024-04-24 15:05","",""
"103","2024-04-24 15:06","",""
"104","2024-04-24 15:06","",""
"105","2024-04-24 15:06","",""
"106","2024-04-24 15:06","",""
"107","2024-04-24 15:06","",""
"108","2024-04-24 15:06","",""
"109","2024-04-24 15:06","",""
"110","2024-04-24 15:06","",""
